{"loss": 28.594388961791992, "Gtokens": 0.36864, "kl_loss": 184.1824951171875, "student_cross_entropy_loss": 10.176139831542969, "_timestamp": 1725240568.356167, "_runtime": 46084.00689315796, "_step": 5000, "kt/s": 8.087185541171063, "_wandb": {"runtime": 46076}}