{"loss": 2.0804190635681152, "Gtokens": 0.258527232, "kl_loss": 3.179391860961914, "student_cross_entropy_loss": 1.7624797821044922, "_timestamp": 1726357411.9918225, "_runtime": 39143.45511341095, "_step": 7013, "kt/s": 6.94607638800989}