{"loss": 29.153766632080078, "Gtokens": 0.570949632, "kl_loss": 194.08828735351562, "student_cross_entropy_loss": 9.7449369430542, "_timestamp": 1725498894.244687, "_runtime": 73787.54708218575, "_step": 7744, "kt/s": 6.69952920286156}