{"loss": 29.102540969848633, "Gtokens": 0.029048832, "kl_loss": 185.57693481445312, "student_cross_entropy_loss": 10.54484748840332, "_timestamp": 1725280968.5155218, "_runtime": 3763.8576216697693, "_step": 394, "kt/s": 8.16337265213002}