{"loss": 0.8637222051620483, "Gtokens": 0.174956544, "kl_loss": 2.928478240966797, "student_cross_entropy_loss": 0.5708743333816528, "_timestamp": 1726552294.4916606, "_runtime": 18853.353689670563, "_step": 2373, "kt/s": 9.481133392447427, "_wandb": {"runtime": 18858}}