{"loss": 1.2421875, "Gtokens": 0.000638976, "_timestamp": 1724857189.9661841, "_runtime": 198.076984167099, "_step": 13, "kt/s": 5.4533281082183676, "_wandb": {"runtime": 200}}