{"loss": 0.0004444122314453125, "Gtokens": 0.24576, "_timestamp": 1724899994.5685973, "_runtime": 42227.29644727707, "_step": 5000, "kt/s": 5.850025714369317, "_wandb": {"runtime": 42224}}