{"loss": 0.003173828125, "Gtokens": 0.741163008, "_timestamp": 1725071136.314192, "_runtime": 140147.63662314415, "_step": 15079, "kt/s": 5.749808247018332, "val_loss": 13.54792436340895, "_wandb": {"runtime": 140152}}