{"loss": 1.447213053703308, "Gtokens": 0.00131072, "_timestamp": 1726023493.1557686, "_runtime": 81.35275554656982, "_step": 10, "kt/s": 20.086785204353426, "_wandb": {"runtime": 88}}