{"loss": 12.844143867492676, "Gtokens": 0.000282624, "kl_loss": 0.300304651260376, "student_cross_entropy_loss": 12.81411361694336, "_timestamp": 1725523025.6870422, "_runtime": 184.1872522830963, "_step": 23, "kt/s": 2.285190435986992}