{"loss": 28.728679656982422, "Gtokens": 0.426295296, "kl_loss": 198.596435546875, "student_cross_entropy_loss": 8.869035720825195, "_timestamp": 1725424191.5115893, "_runtime": 52994.61044931412, "_step": 5782, "kt/s": 7.6849735315509795, "_wandb": {"runtime": 52996}}