{"loss": 29.451431274414062, "Gtokens": 0.015261696, "kl_loss": 190.47329711914062, "student_cross_entropy_loss": 10.404101371765137, "_timestamp": 1725284459.3038116, "_runtime": 2006.076254606247, "_step": 207, "kt/s": 7.865765146196511}