{"loss": 28.65251922607422, "Gtokens": 0.368566272, "kl_loss": 190.96685791015625, "student_cross_entropy_loss": 9.555832862854004, "_timestamp": 1725368077.5655234, "_runtime": 45809.868549346924, "_step": 4999, "kt/s": 8.015981514358598}