{"loss": 29.290708541870117, "Gtokens": 0.045785088, "kl_loss": 188.3247528076172, "student_cross_entropy_loss": 10.458232879638672, "_timestamp": 1725266899.1891139, "_runtime": 5801.407085895538, "_step": 621, "kt/s": 8.09090290956015, "_wandb": {"runtime": 5803}}