{"loss": 1.821946620941162, "Gtokens": 0.048402432, "kl_loss": 2.992424249649048, "student_cross_entropy_loss": 1.5227041244506836, "_timestamp": 1726305205.1103683, "_runtime": 7509.594523191452, "_step": 1313, "kt/s": 6.1566553354491855}