{"loss": 0.4519593119621277, "Gtokens": 1.390215168, "_timestamp": 1726093167.061152, "_runtime": 69428.53060388565, "_step": 7071, "kt/s": 20.329359595748063, "_wandb": {"runtime": 69439}}