{"loss": 1.5626146793365479, "Gtokens": 0.000458752, "_timestamp": 1726022887.2310526, "_runtime": 68.02167963981628, "_step": 7, "kt/s": 10.061361184584099, "_wandb": {"runtime": 71}}