{"loss": 1.3321380615234375, "Gtokens": 0.02260992, "kl_loss": 2.9173269271850586, "student_cross_entropy_loss": 1.0404053926467896, "_timestamp": 1726556681.2025797, "_runtime": 2876.5565638542175, "_step": 460, "kt/s": 8.641442869479713}