{"loss": 1.427391529083252, "Gtokens": 0.00055296, "kl_loss": 2.961981773376465, "student_cross_entropy_loss": 1.1311933994293213, "_timestamp": 1726489559.1561105, "_runtime": 83.81608152389526, "_step": 9, "kt/s": 8.818405919445224}