{"loss": 2.2961173057556152, "Gtokens": 0.000479232, "kl_loss": 3.044964551925659, "student_cross_entropy_loss": 1.9916208982467651, "_timestamp": 1726305521.8248847, "_runtime": 90.84728074073792, "_step": 13, "kt/s": 6.451048951269225}