{"loss": 30.19050407409668, "Gtokens": 0.00073728, "kl_loss": 194.2459716796875, "student_cross_entropy_loss": 10.765907287597656, "_timestamp": 1725251584.8405933, "_runtime": 139.50704741477966, "_step": 10, "kt/s": 7.17312758462451, "_wandb": {"runtime": 137}}