{"loss": 2.1075212955474854, "Gtokens": 0.074502144, "kl_loss": 3.0942327976226807, "student_cross_entropy_loss": 1.7980979681015015, "_timestamp": 1726317790.2109923, "_runtime": 12135.012372255325, "_step": 2021, "kt/s": 6.207631664624953}