{"loss": 1.6882883310317993, "Gtokens": 0.27611136, "kl_loss": 3.096588611602783, "student_cross_entropy_loss": 1.378629446029663, "_timestamp": 1726652442.6078851, "_runtime": 32478.447332143784, "_step": 3745, "kt/s": 8.67107950606075}