{"loss": 2.19221830368042, "Gtokens": 1.109680128, "kl_loss": 2.9925057888031006, "student_cross_entropy_loss": 1.8929678201675415, "_timestamp": 1725767152.9572277, "_runtime": 166029.74046373367, "_step": 15051, "kt/s": 7.011349545237562, "val_loss": 1.8871245746897938, "_wandb": {"runtime": 166026}}