{"loss": 29.629852294921875, "Gtokens": 0.035536896, "kl_loss": 185.78091430664062, "student_cross_entropy_loss": 11.051758766174316, "_timestamp": 1725186944.5460196, "_runtime": 4703.273319482803, "_step": 482, "kt/s": 7.235380877534332}