{"loss": 31.032764434814453, "Gtokens": 0.014450688, "_timestamp": 1725180387.1103554, "_runtime": 2282.8759264945984, "_step": 294, "kt/s": 6.587392519082687}