{"loss": 2.5778682231903076, "Gtokens": 0.000497664, "kl_loss": 2.897139072418213, "student_cross_entropy_loss": 2.288154363632202, "_timestamp": 1725767691.0862107, "_runtime": 124.14275670051575, "_step": 6, "kt/s": 7.036833242875772}