{"loss": 14.994956016540527, "Gtokens": 0.00024576, "kl_loss": 4.224449157714844, "student_cross_entropy_loss": 14.572510719299316, "_timestamp": 1726201429.0992627, "_runtime": 65.62446975708008, "_step": 10, "kt/s": 5.121566202686599}