{"loss": 5.53170108795166, "Gtokens": 0.002285568, "kl_loss": 3.8628647327423096, "student_cross_entropy_loss": 5.14541482925415, "_timestamp": 1726160000.0149636, "_runtime": 290.76465368270874, "_step": 31, "kt/s": 8.606277042674034}