{"loss": 27.075246810913086, "Gtokens": 0.386998272, "kl_loss": 190.43746948242188, "student_cross_entropy_loss": 8.031499862670898, "_timestamp": 1726619718.1130216, "_runtime": 40377.37525367737, "_step": 5249, "kt/s": 9.732034309257363, "_wandb": {"runtime": 40382}}