{"loss": 2.288641929626465, "Gtokens": 0.0001152, "kl_loss": 2.8303844928741455, "student_cross_entropy_loss": 2.005603551864624, "_timestamp": 1726357868.9211872, "_runtime": 47.753010272979736, "_step": 3, "kt/s": 5.878994468323665}