{"loss": 76.19634246826172, "Gtokens": 0.00221184, "kl_loss": 637.1885375976562, "student_cross_entropy_loss": 12.47748851776123, "_timestamp": 1725370977.9036033, "_runtime": 436.20960330963135, "_step": 30, "kt/s": 6.04252018433864}