{"loss": 1.4825294017791748, "Gtokens": 0.279687168, "kl_loss": 2.9527082443237305, "student_cross_entropy_loss": 1.1872586011886597, "_timestamp": 1726489116.8389082, "_runtime": 38463.26743221283, "_step": 7587, "kt/s": 7.477879876933685, "_wandb": {"runtime": 38466}}