{"loss": 0.9800927639007568, "Gtokens": 0.314302464, "kl_loss": 2.811587333679199, "student_cross_entropy_loss": 0.698934018611908, "_timestamp": 1726196337.2394161, "_runtime": 35512.16322207451, "_step": 4263, "kt/s": 8.951344870982139}