{"loss": 2.3403890132904053, "Gtokens": 0.08957952, "kl_loss": 2.81548810005188, "student_cross_entropy_loss": 2.058840274810791, "_timestamp": 1725514049.1898007, "_runtime": 13519.043717622757, "_step": 1215, "kt/s": 7.617701918720315, "_wandb": {"runtime": 13517}}