{"loss": 2.2180662155151367, "Gtokens": 0.0314496, "kl_loss": 2.9849696159362793, "student_cross_entropy_loss": 1.9195692539215088, "_timestamp": 1726449729.9397995, "_runtime": 5206.537540435791, "_step": 975, "kt/s": 6.4509825489900425, "_wandb": {"runtime": 5209}}