{"loss": 4.983069896697998, "Gtokens": 0.000442368, "kl_loss": 2.767387628555298, "student_cross_entropy_loss": 4.706331253051758, "_timestamp": 1726297550.1339898, "_runtime": 93.65364384651184, "_step": 12, "kt/s": 6.297027682097532}