{"loss": 30.760330200195312, "Gtokens": 0.00073728, "kl_loss": 200.4185028076172, "student_cross_entropy_loss": 10.71847915649414, "_timestamp": 1725255939.053923, "_runtime": 126.21458697319031, "_step": 10, "kt/s": 7.613807690973251, "_wandb": {"runtime": 171}}