{"loss": 1.1825250387191772, "Gtokens": 0.368787456, "kl_loss": 2.8632328510284424, "student_cross_entropy_loss": 0.8962017297744751, "_timestamp": 1726532804.0097275, "_runtime": 42967.092035532, "_step": 5002, "kt/s": 8.789476614864295, "_wandb": {"runtime": 42967}}