{"loss": 6.8252387046813965, "Gtokens": 0.002850816, "kl_loss": 1.8492717742919922, "student_cross_entropy_loss": 6.6403117179870605, "_timestamp": 1725523752.2172177, "_runtime": 502.3816487789154, "_step": 58, "kt/s": 5.0781155227891395}