{"loss": 211.98448181152344, "Gtokens": 0.00331776, "kl_loss": 1995.0042724609375, "student_cross_entropy_loss": 12.484054565429688, "_timestamp": 1725291953.6463192, "_runtime": 503.4903030395508, "_step": 45, "kt/s": 6.902603800593257, "_wandb": {"runtime": 506}}