{"loss": 2.198079824447632, "Gtokens": 0.322670592, "kl_loss": 3.2188236713409424, "student_cross_entropy_loss": 1.8761974573135376, "_timestamp": 1726442898.733477, "_runtime": 49658.68840718269, "_step": 8753, "kt/s": 6.523238560835393, "_wandb": {"runtime": 49660}}