{"loss": 0.8347842693328857, "Gtokens": 0.61120512, "kl_loss": 2.728998899459839, "student_cross_entropy_loss": 0.5618844032287598, "_timestamp": 1726294267.484243, "_runtime": 92395.9693748951, "_step": 16580, "kt/s": 6.268261037312646}