{"loss": 0.6138824224472046, "Gtokens": 1.0469376, "_timestamp": 1726158587.8897166, "_runtime": 63834.22501254082, "_step": 3550, "kt/s": 16.418140956781645, "_wandb": {"runtime": 63848}}