{"loss": 12.410858154296875, "Gtokens": 0.004571136, "kl_loss": 0.5605388283729553, "student_cross_entropy_loss": 12.354804039001465, "_timestamp": 1725500297.7432957, "_runtime": 698.2244517803192, "_step": 62, "kt/s": 7.083444887486386}