{"loss": 1.8545399904251099, "Gtokens": 0.543080448, "kl_loss": 2.852022886276245, "student_cross_entropy_loss": 1.5693377256393433, "_timestamp": 1725599401.6779773, "_runtime": 75458.48913526535, "_step": 7366, "kt/s": 7.264337529690276, "val_loss": 1.6087746516591803, "_wandb": {"runtime": 75461}}