{"loss": 2.1938931941986084, "Gtokens": 1.65888, "kl_loss": 2.9201862812042236, "student_cross_entropy_loss": 1.9018746614456177, "_timestamp": 1725993875.4382243, "_runtime": 225926.32473039627, "_step": 20000, "kt/s": 7.815814499609434, "_wandb": {"runtime": 225925}, "val_loss": 1.8730229717344111}