{"loss": 2.139141082763672, "Gtokens": 0.2078592, "kl_loss": 3.1401381492614746, "student_cross_entropy_loss": 1.8251272439956665, "_timestamp": 1726392174.362926, "_runtime": 32722.581284046173, "_step": 5413, "kt/s": 6.727325506676995, "_wandb": {"runtime": 32726}}