{"loss": 8.028209686279297, "Gtokens": 0.001216512, "kl_loss": 2.6509430408477783, "student_cross_entropy_loss": 7.763115406036377, "_timestamp": 1726295137.302714, "_runtime": 209.41966199874878, "_step": 33, "kt/s": 4.990788905011628}