{"loss": 8.230769157409668, "Gtokens": 0.000847872, "kl_loss": 2.8018558025360107, "student_cross_entropy_loss": 7.9505839347839355, "_timestamp": 1726450211.617816, "_runtime": 136.3286418914795, "_step": 23, "kt/s": 6.709167616456412, "_wandb": {"runtime": 139}}