{"loss": 343.98040771484375, "Gtokens": 0.00116736, "kl_loss": 3306.586669921875, "student_cross_entropy_loss": 13.321744918823242, "_timestamp": 1726578910.21715, "_runtime": 154.5027379989624, "_step": 19, "kt/s": 9.021163273304197, "_wandb": {"runtime": 153}}