{"loss": 3.4261322021484375, "Gtokens": 0.006340608, "kl_loss": 2.878187894821167, "student_cross_entropy_loss": 3.1383135318756104, "_timestamp": 1726296713.9288568, "_runtime": 1135.005789756775, "_step": 172, "kt/s": 4.777872374670966, "_wandb": {"runtime": 1131}}